timestamp,elapsed_seconds,attentive_score,drowsy_score,fidgeting_score,prediction,attention_score,raw_line
2026-06-25T14:58:02,0.514,0.004,0.996,0.0,drowsy,0,attentive=0.004 drowsy=0.996 fidgeting=0.000 -> drowsy | attention_score=0
2026-06-25T14:58:02,1.095,0.004,0.996,0.0,drowsy,0,attentive=0.004 drowsy=0.996 fidgeting=0.000 -> drowsy | attention_score=0
2026-06-25T14:58:03,1.742,0.004,0.996,0.0,drowsy,0,attentive=0.004 drowsy=0.996 fidgeting=0.000 -> drowsy | attention_score=0
2026-06-25T14:58:03,2.381,0.004,0.996,0.0,drowsy,0,attentive=0.004 drowsy=0.996 fidgeting=0.000 -> drowsy | attention_score=0
2026-06-25T14:58:04,3.024,0.004,0.996,0.0,drowsy,0,attentive=0.004 drowsy=0.996 fidgeting=0.000 -> drowsy | attention_score=0
2026-06-25T14:58:05,3.632,0.004,0.996,0.0,drowsy,0,attentive=0.004 drowsy=0.996 fidgeting=0.000 -> drowsy | attention_score=0
2026-06-25T14:58:05,4.278,0.004,0.996,0.0,drowsy,0,attentive=0.004 drowsy=0.996 fidgeting=0.000 -> drowsy | attention_score=0
2026-06-25T14:58:06,4.969,0.004,0.996,0.0,drowsy,0,attentive=0.004 drowsy=0.996 fidgeting=0.000 -> drowsy | attention_score=0
2026-06-25T14:58:07,5.594,0.004,0.996,0.0,drowsy,0,attentive=0.004 drowsy=0.996 fidgeting=0.000 -> drowsy | attention_score=0
2026-06-25T14:58:07,6.235,0.004,0.996,0.0,drowsy,0,attentive=0.004 drowsy=0.996 fidgeting=0.000 -> drowsy | attention_score=0
2026-06-25T14:58:08,6.886,0.004,0.996,0.0,drowsy,0,attentive=0.004 drowsy=0.996 fidgeting=0.000 -> drowsy | attention_score=0
2026-06-25T14:58:09,7.516,0.004,0.996,0.0,drowsy,0,attentive=0.004 drowsy=0.996 fidgeting=0.000 -> drowsy | attention_score=0
2026-06-25T14:58:09,8.14,0.004,0.996,0.0,drowsy,0,attentive=0.004 drowsy=0.996 fidgeting=0.000 -> drowsy | attention_score=0
2026-06-25T14:58:10,8.789,0.004,0.996,0.0,drowsy,0,attentive=0.004 drowsy=0.996 fidgeting=0.000 -> drowsy | attention_score=0
2026-06-25T14:58:10,9.426,0.004,0.996,0.0,drowsy,0,attentive=0.004 drowsy=0.996 fidgeting=0.000 -> drowsy | attention_score=0
2026-06-25T14:58:11,10.067,0.004,0.996,0.0,drowsy,0,attentive=0.004 drowsy=0.996 fidgeting=0.000 -> drowsy | attention_score=0
2026-06-25T14:58:12,10.723,0.004,0.996,0.0,drowsy,0,attentive=0.004 drowsy=0.996 fidgeting=0.000 -> drowsy | attention_score=0
2026-06-25T14:58:12,11.355,0.004,0.996,0.0,drowsy,0,attentive=0.004 drowsy=0.996 fidgeting=0.000 -> drowsy | attention_score=0
2026-06-25T14:58:13,11.98,0.004,0.996,0.0,drowsy,0,attentive=0.004 drowsy=0.996 fidgeting=0.000 -> drowsy | attention_score=0
2026-06-25T14:58:14,12.664,0.004,0.996,0.0,drowsy,0,attentive=0.004 drowsy=0.996 fidgeting=0.000 -> drowsy | attention_score=0
2026-06-25T14:58:14,13.273,0.004,0.996,0.0,drowsy,0,attentive=0.004 drowsy=0.996 fidgeting=0.000 -> drowsy | attention_score=0
2026-06-25T14:58:15,13.928,0.004,0.996,0.0,drowsy,0,attentive=0.004 drowsy=0.996 fidgeting=0.000 -> drowsy | attention_score=0
2026-06-25T14:58:16,14.542,0.004,0.996,0.0,drowsy,0,attentive=0.004 drowsy=0.996 fidgeting=0.000 -> drowsy | attention_score=0
2026-06-25T14:58:16,15.183,0.004,0.996,0.0,drowsy,0,attentive=0.004 drowsy=0.996 fidgeting=0.000 -> drowsy | attention_score=0
2026-06-25T14:58:17,15.794,0.004,0.996,0.0,drowsy,0,attentive=0.004 drowsy=0.996 fidgeting=0.000 -> drowsy | attention_score=0
2026-06-25T14:58:17,16.393,0.004,0.996,0.0,drowsy,0,attentive=0.004 drowsy=0.996 fidgeting=0.000 -> drowsy | attention_score=0
2026-06-25T14:58:18,17.03,0.004,0.996,0.0,drowsy,0,attentive=0.004 drowsy=0.996 fidgeting=0.000 -> drowsy | attention_score=0
2026-06-25T14:58:19,17.697,0.004,0.996,0.0,drowsy,0,attentive=0.004 drowsy=0.996 fidgeting=0.000 -> drowsy | attention_score=0
2026-06-25T14:58:19,18.373,0.004,0.996,0.0,drowsy,0,attentive=0.004 drowsy=0.996 fidgeting=0.000 -> drowsy | attention_score=0
2026-06-25T14:58:20,19.016,0.004,0.996,0.0,drowsy,0,attentive=0.004 drowsy=0.996 fidgeting=0.000 -> drowsy | attention_score=0
2026-06-25T14:58:21,19.637,0.004,0.996,0.0,drowsy,0,attentive=0.004 drowsy=0.996 fidgeting=0.000 -> drowsy | attention_score=0
2026-06-25T14:58:21,20.274,0.004,0.996,0.0,drowsy,0,attentive=0.004 drowsy=0.996 fidgeting=0.000 -> drowsy | attention_score=0
2026-06-25T14:58:22,20.917,0.004,0.996,0.0,drowsy,0,attentive=0.004 drowsy=0.996 fidgeting=0.000 -> drowsy | attention_score=0
2026-06-25T14:58:23,21.576,0.004,0.996,0.0,drowsy,0,attentive=0.004 drowsy=0.996 fidgeting=0.000 -> drowsy | attention_score=0
2026-06-25T14:58:23,22.235,0.004,0.996,0.0,drowsy,0,attentive=0.004 drowsy=0.996 fidgeting=0.000 -> drowsy | attention_score=0
2026-06-25T14:58:24,22.883,0.004,0.996,0.0,drowsy,0,attentive=0.004 drowsy=0.996 fidgeting=0.000 -> drowsy | attention_score=0
2026-06-25T14:58:25,23.523,0.004,0.996,0.0,drowsy,0,attentive=0.004 drowsy=0.996 fidgeting=0.000 -> drowsy | attention_score=0
2026-06-25T14:58:25,24.171,0.004,0.996,0.0,drowsy,0,attentive=0.004 drowsy=0.996 fidgeting=0.000 -> drowsy | attention_score=0
2026-06-25T14:58:26,24.799,0.0,0.996,0.0,drowsy,0,attentive=0.000 drowsy=0.996 fidgeting=0.000 -> drowsy | attention_score=0
2026-06-25T14:58:26,25.431,0.008,0.984,0.012,drowsy,1,attentive=0.008 drowsy=0.984 fidgeting=0.012 -> drowsy | attention_score=1
2026-06-25T14:58:27,26.04,0.152,0.437,0.41,drowsy,15,attentive=0.152 drowsy=0.437 fidgeting=0.410 -> drowsy | attention_score=15
2026-06-25T14:58:28,26.741,0.137,0.605,0.258,drowsy,14,attentive=0.137 drowsy=0.605 fidgeting=0.258 -> drowsy | attention_score=14
2026-06-25T14:58:28,27.338,0.117,0.73,0.152,drowsy,12,attentive=0.117 drowsy=0.730 fidgeting=0.152 -> drowsy | attention_score=12
2026-06-25T14:58:29,28.0,0.191,0.102,0.703,fidgeting,19,attentive=0.191 drowsy=0.102 fidgeting=0.703 -> fidgeting | attention_score=19
2026-06-25T14:58:30,28.651,0.125,0.113,0.758,fidgeting,13,attentive=0.125 drowsy=0.113 fidgeting=0.758 -> fidgeting | attention_score=13
2026-06-25T14:58:30,29.273,0.18,0.117,0.703,fidgeting,18,attentive=0.180 drowsy=0.117 fidgeting=0.703 -> fidgeting | attention_score=18
2026-06-25T14:58:31,29.894,0.242,0.07,0.687,fidgeting,24,attentive=0.242 drowsy=0.070 fidgeting=0.687 -> fidgeting | attention_score=24
2026-06-25T14:58:32,30.57,0.238,0.07,0.691,fidgeting,24,attentive=0.238 drowsy=0.070 fidgeting=0.691 -> fidgeting | attention_score=24
2026-06-25T14:58:32,31.196,0.309,0.078,0.613,fidgeting,31,attentive=0.309 drowsy=0.078 fidgeting=0.613 -> fidgeting | attention_score=31
2026-06-25T14:58:33,31.852,0.324,0.09,0.582,fidgeting,33,attentive=0.324 drowsy=0.090 fidgeting=0.582 -> fidgeting | attention_score=33
2026-06-25T14:58:34,32.506,0.273,0.105,0.621,fidgeting,27,attentive=0.273 drowsy=0.105 fidgeting=0.621 -> fidgeting | attention_score=27
2026-06-25T14:58:34,33.116,0.301,0.102,0.598,fidgeting,30,attentive=0.301 drowsy=0.102 fidgeting=0.598 -> fidgeting | attention_score=30
2026-06-25T14:58:35,33.738,0.352,0.082,0.57,fidgeting,35,attentive=0.352 drowsy=0.082 fidgeting=0.570 -> fidgeting | attention_score=35
2026-06-25T14:58:35,34.414,0.332,0.09,0.578,fidgeting,33,attentive=0.332 drowsy=0.090 fidgeting=0.578 -> fidgeting | attention_score=33
2026-06-25T14:58:36,34.982,0.281,0.109,0.609,fidgeting,28,attentive=0.281 drowsy=0.109 fidgeting=0.609 -> fidgeting | attention_score=28
2026-06-25T14:58:37,35.627,0.266,0.102,0.637,fidgeting,26,attentive=0.266 drowsy=0.102 fidgeting=0.637 -> fidgeting | attention_score=26
2026-06-25T14:58:37,36.327,0.258,0.082,0.66,fidgeting,26,attentive=0.258 drowsy=0.082 fidgeting=0.660 -> fidgeting | attention_score=26
2026-06-25T14:58:38,36.946,0.234,0.105,0.66,fidgeting,23,attentive=0.234 drowsy=0.105 fidgeting=0.660 -> fidgeting | attention_score=23
2026-06-25T14:58:39,37.605,0.27,0.129,0.605,fidgeting,27,attentive=0.270 drowsy=0.129 fidgeting=0.605 -> fidgeting | attention_score=27
2026-06-25T14:58:39,38.237,0.293,0.09,0.617,fidgeting,29,attentive=0.293 drowsy=0.090 fidgeting=0.617 -> fidgeting | attention_score=29
2026-06-25T14:58:40,38.858,0.316,0.094,0.59,fidgeting,32,attentive=0.316 drowsy=0.094 fidgeting=0.590 -> fidgeting | attention_score=32
2026-06-25T14:58:41,39.504,0.336,0.105,0.562,fidgeting,33,attentive=0.336 drowsy=0.105 fidgeting=0.562 -> fidgeting | attention_score=33
2026-06-25T14:58:41,40.159,0.293,0.105,0.602,fidgeting,29,attentive=0.293 drowsy=0.105 fidgeting=0.602 -> fidgeting | attention_score=29
2026-06-25T14:58:42,40.808,0.23,0.109,0.656,fidgeting,23,attentive=0.230 drowsy=0.109 fidgeting=0.656 -> fidgeting | attention_score=23
2026-06-25T14:58:42,41.384,0.102,0.297,0.605,fidgeting,10,attentive=0.102 drowsy=0.297 fidgeting=0.605 -> fidgeting | attention_score=10
2026-06-25T14:58:43,42.051,0.023,0.926,0.051,drowsy,2,attentive=0.023 drowsy=0.926 fidgeting=0.051 -> drowsy | attention_score=2
2026-06-25T14:58:44,42.721,0.012,0.961,0.023,drowsy,1,attentive=0.012 drowsy=0.961 fidgeting=0.023 -> drowsy | attention_score=1
2026-06-25T14:58:44,43.342,0.109,0.629,0.262,drowsy,11,attentive=0.109 drowsy=0.629 fidgeting=0.262 -> drowsy | attention_score=11
2026-06-25T14:58:45,44.008,0.25,0.187,0.562,fidgeting,25,attentive=0.250 drowsy=0.187 fidgeting=0.562 -> fidgeting | attention_score=25
2026-06-25T14:58:46,44.621,0.219,0.113,0.664,fidgeting,22,attentive=0.219 drowsy=0.113 fidgeting=0.664 -> fidgeting | attention_score=22
2026-06-25T14:58:46,45.288,0.125,0.68,0.195,drowsy,13,attentive=0.125 drowsy=0.680 fidgeting=0.195 -> drowsy | attention_score=13
2026-06-25T14:58:47,45.908,0.043,0.898,0.059,drowsy,4,attentive=0.043 drowsy=0.898 fidgeting=0.059 -> drowsy | attention_score=4
2026-06-25T14:58:48,46.533,0.031,0.922,0.047,drowsy,3,attentive=0.031 drowsy=0.922 fidgeting=0.047 -> drowsy | attention_score=3
2026-06-25T14:58:48,47.204,0.102,0.695,0.203,drowsy,10,attentive=0.102 drowsy=0.695 fidgeting=0.203 -> drowsy | attention_score=10
2026-06-25T14:58:49,47.87,0.215,0.078,0.711,fidgeting,21,attentive=0.215 drowsy=0.078 fidgeting=0.711 -> fidgeting | attention_score=21
2026-06-25T14:58:50,48.493,0.137,0.719,0.145,drowsy,14,attentive=0.137 drowsy=0.719 fidgeting=0.145 -> drowsy | attention_score=14
2026-06-25T14:58:50,49.117,0.008,0.984,0.008,drowsy,1,attentive=0.008 drowsy=0.984 fidgeting=0.008 -> drowsy | attention_score=1
2026-06-25T14:58:51,49.77,0.18,0.621,0.199,drowsy,18,attentive=0.180 drowsy=0.621 fidgeting=0.199 -> drowsy | attention_score=18
2026-06-25T14:58:51,50.372,0.32,0.082,0.598,fidgeting,32,attentive=0.320 drowsy=0.082 fidgeting=0.598 -> fidgeting | attention_score=32
2026-06-25T14:58:52,51.05,0.219,0.09,0.687,fidgeting,22,attentive=0.219 drowsy=0.090 fidgeting=0.687 -> fidgeting | attention_score=22
2026-06-25T14:58:53,51.676,0.187,0.078,0.734,fidgeting,19,attentive=0.187 drowsy=0.078 fidgeting=0.734 -> fidgeting | attention_score=19
2026-06-25T14:58:53,52.3,0.105,0.602,0.293,drowsy,11,attentive=0.105 drowsy=0.602 fidgeting=0.293 -> drowsy | attention_score=11
2026-06-25T14:58:54,52.926,0.051,0.883,0.066,drowsy,5,attentive=0.051 drowsy=0.883 fidgeting=0.066 -> drowsy | attention_score=5
2026-06-25T14:58:55,53.553,0.199,0.285,0.516,fidgeting,20,attentive=0.199 drowsy=0.285 fidgeting=0.516 -> fidgeting | attention_score=20
2026-06-25T14:58:55,54.208,0.223,0.156,0.625,fidgeting,22,attentive=0.223 drowsy=0.156 fidgeting=0.625 -> fidgeting | attention_score=22
2026-06-25T14:58:56,54.842,0.211,0.039,0.75,fidgeting,21,attentive=0.211 drowsy=0.039 fidgeting=0.750 -> fidgeting | attention_score=21
2026-06-25T14:58:57,55.491,0.195,0.031,0.77,fidgeting,20,attentive=0.195 drowsy=0.031 fidgeting=0.770 -> fidgeting | attention_score=20
2026-06-25T14:58:57,56.165,0.242,0.051,0.707,fidgeting,24,attentive=0.242 drowsy=0.051 fidgeting=0.707 -> fidgeting | attention_score=24
2026-06-25T14:58:58,56.799,0.215,0.051,0.734,fidgeting,21,attentive=0.215 drowsy=0.051 fidgeting=0.734 -> fidgeting | attention_score=21
2026-06-25T14:58:58,57.439,0.191,0.523,0.281,drowsy,19,attentive=0.191 drowsy=0.523 fidgeting=0.281 -> drowsy | attention_score=19
2026-06-25T14:58:59,58.054,0.195,0.59,0.215,drowsy,20,attentive=0.195 drowsy=0.590 fidgeting=0.215 -> drowsy | attention_score=20
2026-06-25T14:59:00,58.702,0.223,0.059,0.719,fidgeting,22,attentive=0.223 drowsy=0.059 fidgeting=0.719 -> fidgeting | attention_score=22
2026-06-25T14:59:00,59.373,0.219,0.074,0.707,fidgeting,22,attentive=0.219 drowsy=0.074 fidgeting=0.707 -> fidgeting | attention_score=22
2026-06-25T14:59:01,60.021,0.277,0.113,0.609,fidgeting,28,attentive=0.277 drowsy=0.113 fidgeting=0.609 -> fidgeting | attention_score=28
2026-06-25T14:59:02,60.641,0.285,0.09,0.625,fidgeting,29,attentive=0.285 drowsy=0.090 fidgeting=0.625 -> fidgeting | attention_score=29
2026-06-25T14:59:02,61.313,0.098,0.676,0.223,drowsy,10,attentive=0.098 drowsy=0.676 fidgeting=0.223 -> drowsy | attention_score=10
2026-06-25T14:59:03,61.937,0.012,0.973,0.016,drowsy,1,attentive=0.012 drowsy=0.973 fidgeting=0.016 -> drowsy | attention_score=1
2026-06-25T14:59:04,62.539,0.156,0.672,0.172,drowsy,16,attentive=0.156 drowsy=0.672 fidgeting=0.172 -> drowsy | attention_score=16
2026-06-25T14:59:04,63.175,0.328,0.184,0.488,fidgeting,33,attentive=0.328 drowsy=0.184 fidgeting=0.488 -> fidgeting | attention_score=33
2026-06-25T14:59:05,63.813,0.082,0.695,0.223,drowsy,8,attentive=0.082 drowsy=0.695 fidgeting=0.223 -> drowsy | attention_score=8
2026-06-25T14:59:06,64.48,0.121,0.613,0.266,drowsy,12,attentive=0.121 drowsy=0.613 fidgeting=0.266 -> drowsy | attention_score=12
2026-06-25T14:59:06,65.123,0.203,0.07,0.727,fidgeting,20,attentive=0.203 drowsy=0.070 fidgeting=0.727 -> fidgeting | attention_score=20
2026-06-25T14:59:07,65.729,0.074,0.055,0.871,fidgeting,7,attentive=0.074 drowsy=0.055 fidgeting=0.871 -> fidgeting | attention_score=7
2026-06-25T14:59:07,66.399,0.082,0.414,0.504,fidgeting,8,attentive=0.082 drowsy=0.414 fidgeting=0.504 -> fidgeting | attention_score=8
2026-06-25T14:59:08,67.03,0.176,0.512,0.312,drowsy,18,attentive=0.176 drowsy=0.512 fidgeting=0.312 -> drowsy | attention_score=18
2026-06-25T14:59:09,67.654,0.062,0.016,0.922,fidgeting,6,attentive=0.062 drowsy=0.016 fidgeting=0.922 -> fidgeting | attention_score=6
2026-06-25T14:59:09,68.301,0.035,0.02,0.949,fidgeting,4,attentive=0.035 drowsy=0.020 fidgeting=0.949 -> fidgeting | attention_score=4
2026-06-25T14:59:10,68.891,0.066,0.445,0.488,fidgeting,7,attentive=0.066 drowsy=0.445 fidgeting=0.488 -> fidgeting | attention_score=7
2026-06-25T14:59:11,69.51,0.113,0.527,0.359,drowsy,11,attentive=0.113 drowsy=0.527 fidgeting=0.359 -> drowsy | attention_score=11
2026-06-25T14:59:11,70.148,0.187,0.348,0.465,fidgeting,19,attentive=0.187 drowsy=0.348 fidgeting=0.465 -> fidgeting | attention_score=19
2026-06-25T14:59:12,70.855,0.047,0.906,0.047,drowsy,5,attentive=0.047 drowsy=0.906 fidgeting=0.047 -> drowsy | attention_score=5
2026-06-25T14:59:13,71.499,0.164,0.656,0.18,drowsy,16,attentive=0.164 drowsy=0.656 fidgeting=0.180 -> drowsy | attention_score=16
2026-06-25T14:59:13,72.143,0.102,0.094,0.805,fidgeting,10,attentive=0.102 drowsy=0.094 fidgeting=0.805 -> fidgeting | attention_score=10
2026-06-25T14:59:14,72.743,0.078,0.422,0.5,fidgeting,8,attentive=0.078 drowsy=0.422 fidgeting=0.500 -> fidgeting | attention_score=8
2026-06-25T14:59:14,73.395,0.156,0.488,0.355,drowsy,16,attentive=0.156 drowsy=0.488 fidgeting=0.355 -> drowsy | attention_score=16
2026-06-25T14:59:15,74.04,0.203,0.078,0.719,fidgeting,20,attentive=0.203 drowsy=0.078 fidgeting=0.719 -> fidgeting | attention_score=20
2026-06-25T14:59:16,74.698,0.133,0.109,0.754,fidgeting,13,attentive=0.133 drowsy=0.109 fidgeting=0.754 -> fidgeting | attention_score=13
2026-06-25T14:59:16,75.372,0.109,0.086,0.801,fidgeting,11,attentive=0.109 drowsy=0.086 fidgeting=0.801 -> fidgeting | attention_score=11
2026-06-25T14:59:17,75.973,0.055,0.031,0.914,fidgeting,5,attentive=0.055 drowsy=0.031 fidgeting=0.914 -> fidgeting | attention_score=5
2026-06-25T14:59:18,76.653,0.027,0.008,0.965,fidgeting,3,attentive=0.027 drowsy=0.008 fidgeting=0.965 -> fidgeting | attention_score=3
2026-06-25T14:59:18,77.295,0.148,0.012,0.836,fidgeting,15,attentive=0.148 drowsy=0.012 fidgeting=0.836 -> fidgeting | attention_score=15
2026-06-25T14:59:19,77.9,0.168,0.078,0.75,fidgeting,17,attentive=0.168 drowsy=0.078 fidgeting=0.750 -> fidgeting | attention_score=17
2026-06-25T14:59:20,78.548,0.152,0.094,0.754,fidgeting,15,attentive=0.152 drowsy=0.094 fidgeting=0.754 -> fidgeting | attention_score=15
2026-06-25T14:59:20,79.179,0.23,0.059,0.715,fidgeting,23,attentive=0.230 drowsy=0.059 fidgeting=0.715 -> fidgeting | attention_score=23
2026-06-25T14:59:21,79.841,0.262,0.141,0.594,fidgeting,26,attentive=0.262 drowsy=0.141 fidgeting=0.594 -> fidgeting | attention_score=26
2026-06-25T14:59:21,80.448,0.273,0.105,0.621,fidgeting,27,attentive=0.273 drowsy=0.105 fidgeting=0.621 -> fidgeting | attention_score=27
2026-06-25T14:59:22,81.132,0.262,0.07,0.672,fidgeting,26,attentive=0.262 drowsy=0.070 fidgeting=0.672 -> fidgeting | attention_score=26
2026-06-25T14:59:23,81.739,0.285,0.074,0.641,fidgeting,29,attentive=0.285 drowsy=0.074 fidgeting=0.641 -> fidgeting | attention_score=29
2026-06-25T14:59:23,82.409,0.098,0.414,0.488,fidgeting,10,attentive=0.098 drowsy=0.414 fidgeting=0.488 -> fidgeting | attention_score=10
2026-06-25T14:59:24,83.042,0.09,0.445,0.461,fidgeting,9,attentive=0.090 drowsy=0.445 fidgeting=0.461 -> fidgeting | attention_score=9
2026-06-25T14:59:25,83.653,0.289,0.125,0.59,fidgeting,29,attentive=0.289 drowsy=0.125 fidgeting=0.590 -> fidgeting | attention_score=29
2026-06-25T14:59:25,84.32,0.301,0.227,0.473,fidgeting,30,attentive=0.301 drowsy=0.227 fidgeting=0.473 -> fidgeting | attention_score=30
2026-06-25T14:59:26,84.949,0.285,0.336,0.383,fidgeting,28,attentive=0.285 drowsy=0.336 fidgeting=0.383 -> fidgeting | attention_score=28
2026-06-25T14:59:27,85.575,0.363,0.262,0.375,fidgeting,36,attentive=0.363 drowsy=0.262 fidgeting=0.375 -> fidgeting | attention_score=36
2026-06-25T14:59:27,86.235,0.344,0.133,0.523,fidgeting,34,attentive=0.344 drowsy=0.133 fidgeting=0.523 -> fidgeting | attention_score=34
2026-06-25T14:59:28,86.865,0.102,0.082,0.816,fidgeting,10,attentive=0.102 drowsy=0.082 fidgeting=0.816 -> fidgeting | attention_score=10
2026-06-25T14:59:29,87.505,0.148,0.121,0.73,fidgeting,15,attentive=0.148 drowsy=0.121 fidgeting=0.730 -> fidgeting | attention_score=15
2026-06-25T14:59:29,88.17,0.332,0.094,0.574,fidgeting,33,attentive=0.332 drowsy=0.094 fidgeting=0.574 -> fidgeting | attention_score=33
2026-06-25T14:59:30,88.784,0.301,0.332,0.367,fidgeting,30,attentive=0.301 drowsy=0.332 fidgeting=0.367 -> fidgeting | attention_score=30
2026-06-25T14:59:30,89.443,0.262,0.297,0.441,fidgeting,26,attentive=0.262 drowsy=0.297 fidgeting=0.441 -> fidgeting | attention_score=26
2026-06-25T14:59:31,90.09,0.125,0.043,0.828,fidgeting,13,attentive=0.125 drowsy=0.043 fidgeting=0.828 -> fidgeting | attention_score=13
2026-06-25T14:59:32,90.716,0.074,0.066,0.855,fidgeting,7,attentive=0.074 drowsy=0.066 fidgeting=0.855 -> fidgeting | attention_score=7
2026-06-25T14:59:32,91.37,0.203,0.082,0.715,fidgeting,20,attentive=0.203 drowsy=0.082 fidgeting=0.715 -> fidgeting | attention_score=20
2026-06-25T14:59:33,91.991,0.277,0.094,0.629,fidgeting,28,attentive=0.277 drowsy=0.094 fidgeting=0.629 -> fidgeting | attention_score=28
2026-06-25T14:59:34,92.673,0.273,0.145,0.582,fidgeting,27,attentive=0.273 drowsy=0.145 fidgeting=0.582 -> fidgeting | attention_score=27
2026-06-25T14:59:34,93.261,0.285,0.066,0.648,fidgeting,29,attentive=0.285 drowsy=0.066 fidgeting=0.648 -> fidgeting | attention_score=29
2026-06-25T14:59:35,93.875,0.266,0.051,0.684,fidgeting,27,attentive=0.266 drowsy=0.051 fidgeting=0.684 -> fidgeting | attention_score=27
2026-06-25T14:59:36,94.528,0.113,0.059,0.828,fidgeting,11,attentive=0.113 drowsy=0.059 fidgeting=0.828 -> fidgeting | attention_score=11
2026-06-25T14:59:36,95.231,0.098,0.055,0.848,fidgeting,10,attentive=0.098 drowsy=0.055 fidgeting=0.848 -> fidgeting | attention_score=10
2026-06-25T14:59:37,95.819,0.207,0.352,0.441,fidgeting,21,attentive=0.207 drowsy=0.352 fidgeting=0.441 -> fidgeting | attention_score=21
2026-06-25T14:59:38,96.488,0.156,0.559,0.281,drowsy,16,attentive=0.156 drowsy=0.559 fidgeting=0.281 -> drowsy | attention_score=16
2026-06-25T14:59:38,97.159,0.203,0.234,0.562,fidgeting,20,attentive=0.203 drowsy=0.234 fidgeting=0.562 -> fidgeting | attention_score=20
2026-06-25T14:59:39,97.757,0.258,0.051,0.687,fidgeting,26,attentive=0.258 drowsy=0.051 fidgeting=0.687 -> fidgeting | attention_score=26
2026-06-25T14:59:39,98.417,0.293,0.082,0.621,fidgeting,29,attentive=0.293 drowsy=0.082 fidgeting=0.621 -> fidgeting | attention_score=29
2026-06-25T14:59:40,99.089,0.301,0.082,0.617,fidgeting,30,attentive=0.301 drowsy=0.082 fidgeting=0.617 -> fidgeting | attention_score=30
2026-06-25T14:59:41,99.706,0.086,0.582,0.336,drowsy,9,attentive=0.086 drowsy=0.582 fidgeting=0.336 -> drowsy | attention_score=9
2026-06-25T14:59:41,100.348,0.016,0.945,0.039,drowsy,2,attentive=0.016 drowsy=0.945 fidgeting=0.039 -> drowsy | attention_score=2
2026-06-25T14:59:42,101.006,0.133,0.629,0.238,drowsy,13,attentive=0.133 drowsy=0.629 fidgeting=0.238 -> drowsy | attention_score=13
2026-06-25T14:59:43,101.642,0.254,0.152,0.594,fidgeting,25,attentive=0.254 drowsy=0.152 fidgeting=0.594 -> fidgeting | attention_score=25
2026-06-25T14:59:43,102.297,0.312,0.105,0.582,fidgeting,31,attentive=0.312 drowsy=0.105 fidgeting=0.582 -> fidgeting | attention_score=31
2026-06-25T14:59:44,102.924,0.348,0.254,0.398,fidgeting,35,attentive=0.348 drowsy=0.254 fidgeting=0.398 -> fidgeting | attention_score=35
2026-06-25T14:59:45,103.565,0.348,0.285,0.371,fidgeting,35,attentive=0.348 drowsy=0.285 fidgeting=0.371 -> fidgeting | attention_score=35
2026-06-25T14:59:45,104.207,0.32,0.219,0.461,fidgeting,32,attentive=0.320 drowsy=0.219 fidgeting=0.461 -> fidgeting | attention_score=32
2026-06-25T14:59:46,104.843,0.277,0.113,0.609,fidgeting,28,attentive=0.277 drowsy=0.113 fidgeting=0.609 -> fidgeting | attention_score=28
2026-06-25T14:59:47,105.485,0.277,0.082,0.641,fidgeting,28,attentive=0.277 drowsy=0.082 fidgeting=0.641 -> fidgeting | attention_score=28
2026-06-25T14:59:47,106.126,0.137,0.672,0.191,drowsy,14,attentive=0.137 drowsy=0.672 fidgeting=0.191 -> drowsy | attention_score=14
2026-06-25T14:59:48,106.757,0.066,0.777,0.156,drowsy,7,attentive=0.066 drowsy=0.777 fidgeting=0.156 -> drowsy | attention_score=7
2026-06-25T14:59:48,107.392,0.066,0.09,0.844,fidgeting,7,attentive=0.066 drowsy=0.090 fidgeting=0.844 -> fidgeting | attention_score=7
2026-06-25T14:59:49,108.046,0.117,0.242,0.641,fidgeting,12,attentive=0.117 drowsy=0.242 fidgeting=0.641 -> fidgeting | attention_score=12
2026-06-25T14:59:50,108.674,0.16,0.348,0.496,fidgeting,16,attentive=0.160 drowsy=0.348 fidgeting=0.496 -> fidgeting | attention_score=16
2026-06-25T14:59:50,109.32,0.141,0.781,0.078,drowsy,14,attentive=0.141 drowsy=0.781 fidgeting=0.078 -> drowsy | attention_score=14
2026-06-25T14:59:51,109.957,0.09,0.863,0.047,drowsy,9,attentive=0.090 drowsy=0.863 fidgeting=0.047 -> drowsy | attention_score=9
2026-06-25T14:59:52,110.609,0.074,0.227,0.699,fidgeting,7,attentive=0.074 drowsy=0.227 fidgeting=0.699 -> fidgeting | attention_score=7
2026-06-25T14:59:52,111.247,0.086,0.574,0.34,drowsy,9,attentive=0.086 drowsy=0.574 fidgeting=0.340 -> drowsy | attention_score=9
2026-06-25T14:59:53,111.88,0.125,0.605,0.27,drowsy,13,attentive=0.125 drowsy=0.605 fidgeting=0.270 -> drowsy | attention_score=13
2026-06-25T14:59:54,112.521,0.117,0.695,0.187,drowsy,12,attentive=0.117 drowsy=0.695 fidgeting=0.187 -> drowsy | attention_score=12
2026-06-25T14:59:54,113.163,0.16,0.551,0.289,drowsy,16,attentive=0.160 drowsy=0.551 fidgeting=0.289 -> drowsy | attention_score=16
2026-06-25T14:59:55,113.795,0.262,0.16,0.574,fidgeting,26,attentive=0.262 drowsy=0.160 fidgeting=0.574 -> fidgeting | attention_score=26
2026-06-25T14:59:55,114.447,0.262,0.398,0.34,drowsy,26,attentive=0.262 drowsy=0.398 fidgeting=0.340 -> drowsy | attention_score=26
2026-06-25T14:59:56,115.078,0.133,0.738,0.133,drowsy,13,attentive=0.133 drowsy=0.738 fidgeting=0.133 -> drowsy | attention_score=13
2026-06-25T14:59:57,115.723,0.035,0.926,0.043,drowsy,4,attentive=0.035 drowsy=0.926 fidgeting=0.043 -> drowsy | attention_score=4
2026-06-25T14:59:57,116.363,0.02,0.953,0.027,drowsy,2,attentive=0.020 drowsy=0.953 fidgeting=0.027 -> drowsy | attention_score=2
2026-06-25T14:59:58,116.996,0.125,0.551,0.328,drowsy,12,attentive=0.125 drowsy=0.551 fidgeting=0.328 -> drowsy | attention_score=12
2026-06-25T14:59:59,117.633,0.227,0.266,0.508,fidgeting,23,attentive=0.227 drowsy=0.266 fidgeting=0.508 -> fidgeting | attention_score=23
2026-06-25T14:59:59,118.284,0.09,0.734,0.176,drowsy,9,attentive=0.090 drowsy=0.734 fidgeting=0.176 -> drowsy | attention_score=9
2026-06-25T15:00:00,118.91,0.012,0.965,0.023,drowsy,1,attentive=0.012 drowsy=0.965 fidgeting=0.023 -> drowsy | attention_score=1
2026-06-25T15:00:01,119.567,0.152,0.504,0.344,drowsy,15,attentive=0.152 drowsy=0.504 fidgeting=0.344 -> drowsy | attention_score=15
2026-06-25T15:00:01,120.209,0.145,0.621,0.234,drowsy,14,attentive=0.145 drowsy=0.621 fidgeting=0.234 -> drowsy | attention_score=14
2026-06-25T15:00:02,120.797,0.102,0.801,0.102,drowsy,10,attentive=0.102 drowsy=0.801 fidgeting=0.102 -> drowsy | attention_score=10
2026-06-25T15:00:02,121.392,0.125,0.613,0.262,drowsy,13,attentive=0.125 drowsy=0.613 fidgeting=0.262 -> drowsy | attention_score=13
2026-06-25T15:00:03,122.005,0.023,0.926,0.051,drowsy,2,attentive=0.023 drowsy=0.926 fidgeting=0.051 -> drowsy | attention_score=2
2026-06-25T15:00:04,122.629,0.039,0.863,0.098,drowsy,4,attentive=0.039 drowsy=0.863 fidgeting=0.098 -> drowsy | attention_score=4
2026-06-25T15:00:04,123.264,0.059,0.844,0.098,drowsy,6,attentive=0.059 drowsy=0.844 fidgeting=0.098 -> drowsy | attention_score=6
2026-06-25T15:00:05,123.965,0.035,0.926,0.043,drowsy,4,attentive=0.035 drowsy=0.926 fidgeting=0.043 -> drowsy | attention_score=4
2026-06-25T15:00:06,124.651,0.129,0.555,0.32,drowsy,13,attentive=0.129 drowsy=0.555 fidgeting=0.320 -> drowsy | attention_score=13
2026-06-25T15:00:06,125.286,0.207,0.227,0.566,fidgeting,21,attentive=0.207 drowsy=0.227 fidgeting=0.566 -> fidgeting | attention_score=21
2026-06-25T15:00:07,125.93,0.27,0.125,0.605,fidgeting,27,attentive=0.270 drowsy=0.125 fidgeting=0.605 -> fidgeting | attention_score=27
2026-06-25T15:00:08,126.583,0.277,0.074,0.648,fidgeting,28,attentive=0.277 drowsy=0.074 fidgeting=0.648 -> fidgeting | attention_score=28
2026-06-25T15:00:08,127.229,0.289,0.082,0.629,fidgeting,29,attentive=0.289 drowsy=0.082 fidgeting=0.629 -> fidgeting | attention_score=29
2026-06-25T15:00:09,127.882,0.293,0.09,0.617,fidgeting,29,attentive=0.293 drowsy=0.090 fidgeting=0.617 -> fidgeting | attention_score=29
2026-06-25T15:00:10,128.523,0.301,0.086,0.613,fidgeting,30,attentive=0.301 drowsy=0.086 fidgeting=0.613 -> fidgeting | attention_score=30
2026-06-25T15:00:10,129.17,0.289,0.082,0.629,fidgeting,29,attentive=0.289 drowsy=0.082 fidgeting=0.629 -> fidgeting | attention_score=29
2026-06-25T15:00:11,129.804,0.289,0.078,0.633,fidgeting,29,attentive=0.289 drowsy=0.078 fidgeting=0.633 -> fidgeting | attention_score=29
2026-06-25T15:00:11,130.45,0.25,0.27,0.48,fidgeting,25,attentive=0.250 drowsy=0.270 fidgeting=0.480 -> fidgeting | attention_score=25
2026-06-25T15:00:12,131.094,0.066,0.129,0.801,fidgeting,7,attentive=0.066 drowsy=0.129 fidgeting=0.801 -> fidgeting | attention_score=7
2026-06-25T15:00:13,131.723,0.051,0.082,0.867,fidgeting,5,attentive=0.051 drowsy=0.082 fidgeting=0.867 -> fidgeting | attention_score=5
2026-06-25T15:00:13,132.372,0.066,0.238,0.695,fidgeting,7,attentive=0.066 drowsy=0.238 fidgeting=0.695 -> fidgeting | attention_score=7
2026-06-25T15:00:14,133.004,0.082,0.617,0.301,drowsy,8,attentive=0.082 drowsy=0.617 fidgeting=0.301 -> drowsy | attention_score=8
2026-06-25T15:00:15,133.639,0.035,0.75,0.219,drowsy,4,attentive=0.035 drowsy=0.750 fidgeting=0.219 -> drowsy | attention_score=4
2026-06-25T15:00:15,134.286,0.02,0.918,0.059,drowsy,2,attentive=0.020 drowsy=0.918 fidgeting=0.059 -> drowsy | attention_score=2
2026-06-25T15:00:16,134.926,0.07,0.836,0.09,drowsy,7,attentive=0.070 drowsy=0.836 fidgeting=0.090 -> drowsy | attention_score=7
2026-06-25T15:00:17,135.568,0.18,0.164,0.656,fidgeting,18,attentive=0.180 drowsy=0.164 fidgeting=0.656 -> fidgeting | attention_score=18
2026-06-25T15:00:17,136.197,0.094,0.73,0.176,drowsy,9,attentive=0.094 drowsy=0.730 fidgeting=0.176 -> drowsy | attention_score=9
2026-06-25T15:00:18,136.842,0.008,0.977,0.016,drowsy,1,attentive=0.008 drowsy=0.977 fidgeting=0.016 -> drowsy | attention_score=1
2026-06-25T15:00:19,137.481,0.098,0.68,0.227,drowsy,10,attentive=0.098 drowsy=0.680 fidgeting=0.227 -> drowsy | attention_score=10
2026-06-25T15:00:19,138.124,0.082,0.68,0.238,drowsy,8,attentive=0.082 drowsy=0.680 fidgeting=0.238 -> drowsy | attention_score=8
2026-06-25T15:00:20,138.76,0.012,0.973,0.02,drowsy,1,attentive=0.012 drowsy=0.973 fidgeting=0.020 -> drowsy | attention_score=1
2026-06-25T15:00:20,139.409,0.145,0.59,0.262,drowsy,15,attentive=0.145 drowsy=0.590 fidgeting=0.262 -> drowsy | attention_score=15
2026-06-25T15:00:21,140.041,0.102,0.711,0.187,drowsy,10,attentive=0.102 drowsy=0.711 fidgeting=0.187 -> drowsy | attention_score=10
2026-06-25T15:00:22,140.693,0.027,0.941,0.031,drowsy,3,attentive=0.027 drowsy=0.941 fidgeting=0.031 -> drowsy | attention_score=3
2026-06-25T15:00:22,141.335,0.258,0.324,0.418,fidgeting,26,attentive=0.258 drowsy=0.324 fidgeting=0.418 -> fidgeting | attention_score=26
2026-06-25T15:00:23,141.974,0.273,0.113,0.613,fidgeting,27,attentive=0.273 drowsy=0.113 fidgeting=0.613 -> fidgeting | attention_score=27
2026-06-25T15:00:24,142.602,0.27,0.16,0.57,fidgeting,27,attentive=0.270 drowsy=0.160 fidgeting=0.570 -> fidgeting | attention_score=27
2026-06-25T15:00:24,143.247,0.266,0.074,0.66,fidgeting,27,attentive=0.266 drowsy=0.074 fidgeting=0.660 -> fidgeting | attention_score=27
2026-06-25T15:00:25,143.88,0.309,0.086,0.605,fidgeting,31,attentive=0.309 drowsy=0.086 fidgeting=0.605 -> fidgeting | attention_score=31
2026-06-25T15:00:26,144.517,0.301,0.086,0.613,fidgeting,30,attentive=0.301 drowsy=0.086 fidgeting=0.613 -> fidgeting | attention_score=30
2026-06-25T15:00:26,145.162,0.285,0.09,0.621,fidgeting,29,attentive=0.285 drowsy=0.090 fidgeting=0.621 -> fidgeting | attention_score=29
2026-06-25T15:00:27,145.802,0.262,0.082,0.656,fidgeting,26,attentive=0.262 drowsy=0.082 fidgeting=0.656 -> fidgeting | attention_score=26
2026-06-25T15:00:27,146.45,0.266,0.074,0.66,fidgeting,27,attentive=0.266 drowsy=0.074 fidgeting=0.660 -> fidgeting | attention_score=27
2026-06-25T15:00:28,147.093,0.301,0.086,0.613,fidgeting,30,attentive=0.301 drowsy=0.086 fidgeting=0.613 -> fidgeting | attention_score=30
2026-06-25T15:00:29,147.721,0.32,0.086,0.594,fidgeting,32,attentive=0.320 drowsy=0.086 fidgeting=0.594 -> fidgeting | attention_score=32
2026-06-25T15:00:29,148.361,0.312,0.09,0.598,fidgeting,31,attentive=0.312 drowsy=0.090 fidgeting=0.598 -> fidgeting | attention_score=31
2026-06-25T15:00:30,148.997,0.281,0.09,0.629,fidgeting,28,attentive=0.281 drowsy=0.090 fidgeting=0.629 -> fidgeting | attention_score=28
2026-06-25T15:00:31,149.64,0.266,0.074,0.66,fidgeting,27,attentive=0.266 drowsy=0.074 fidgeting=0.660 -> fidgeting | attention_score=27
2026-06-25T15:00:31,150.286,0.277,0.078,0.645,fidgeting,28,attentive=0.277 drowsy=0.078 fidgeting=0.645 -> fidgeting | attention_score=28
2026-06-25T15:00:32,150.924,0.305,0.09,0.605,fidgeting,30,attentive=0.305 drowsy=0.090 fidgeting=0.605 -> fidgeting | attention_score=30
2026-06-25T15:00:33,151.572,0.312,0.09,0.598,fidgeting,31,attentive=0.312 drowsy=0.090 fidgeting=0.598 -> fidgeting | attention_score=31
2026-06-25T15:00:33,152.193,0.301,0.086,0.613,fidgeting,30,attentive=0.301 drowsy=0.086 fidgeting=0.613 -> fidgeting | attention_score=30
2026-06-25T15:00:34,152.847,0.266,0.078,0.656,fidgeting,27,attentive=0.266 drowsy=0.078 fidgeting=0.656 -> fidgeting | attention_score=27
2026-06-25T15:00:35,153.473,0.23,0.27,0.5,fidgeting,23,attentive=0.230 drowsy=0.270 fidgeting=0.500 -> fidgeting | attention_score=23
2026-06-25T15:00:35,154.126,0.281,0.312,0.406,fidgeting,28,attentive=0.281 drowsy=0.312 fidgeting=0.406 -> fidgeting | attention_score=28
2026-06-25T15:00:36,154.766,0.328,0.184,0.488,fidgeting,33,attentive=0.328 drowsy=0.184 fidgeting=0.488 -> fidgeting | attention_score=33
2026-06-25T15:00:36,155.394,0.312,0.145,0.543,fidgeting,31,attentive=0.312 drowsy=0.145 fidgeting=0.543 -> fidgeting | attention_score=31
2026-06-25T15:00:37,156.039,0.082,0.336,0.582,fidgeting,8,attentive=0.082 drowsy=0.336 fidgeting=0.582 -> fidgeting | attention_score=8
2026-06-25T15:00:38,156.688,0.023,0.914,0.062,drowsy,2,attentive=0.023 drowsy=0.914 fidgeting=0.062 -> drowsy | attention_score=2
2026-06-25T15:00:38,157.317,0.008,0.98,0.008,drowsy,1,attentive=0.008 drowsy=0.980 fidgeting=0.008 -> drowsy | attention_score=1
2026-06-25T15:00:39,157.954,0.02,0.953,0.027,drowsy,2,attentive=0.020 drowsy=0.953 fidgeting=0.027 -> drowsy | attention_score=2
2026-06-25T15:00:40,158.593,0.035,0.93,0.039,drowsy,4,attentive=0.035 drowsy=0.930 fidgeting=0.039 -> drowsy | attention_score=4
2026-06-25T15:00:40,159.246,0.016,0.965,0.016,drowsy,2,attentive=0.016 drowsy=0.965 fidgeting=0.016 -> drowsy | attention_score=2
2026-06-25T15:00:41,159.877,0.012,0.98,0.012,drowsy,1,attentive=0.012 drowsy=0.980 fidgeting=0.012 -> drowsy | attention_score=1
2026-06-25T15:00:42,160.531,0.008,0.98,0.012,drowsy,1,attentive=0.008 drowsy=0.980 fidgeting=0.012 -> drowsy | attention_score=1
2026-06-25T15:00:42,161.164,0.008,0.98,0.012,drowsy,1,attentive=0.008 drowsy=0.980 fidgeting=0.012 -> drowsy | attention_score=1
2026-06-25T15:00:43,161.809,0.008,0.98,0.008,drowsy,1,attentive=0.008 drowsy=0.980 fidgeting=0.008 -> drowsy | attention_score=1
2026-06-25T15:00:43,162.442,0.008,0.988,0.008,drowsy,1,attentive=0.008 drowsy=0.988 fidgeting=0.008 -> drowsy | attention_score=1
2026-06-25T15:00:44,163.081,0.059,0.883,0.055,drowsy,6,attentive=0.059 drowsy=0.883 fidgeting=0.055 -> drowsy | attention_score=6
2026-06-25T15:00:45,163.729,0.203,0.23,0.57,fidgeting,20,attentive=0.203 drowsy=0.230 fidgeting=0.570 -> fidgeting | attention_score=20
2026-06-25T15:00:45,164.365,0.078,0.676,0.246,drowsy,8,attentive=0.078 drowsy=0.676 fidgeting=0.246 -> drowsy | attention_score=8
2026-06-25T15:00:46,165.017,0.008,0.977,0.016,drowsy,1,attentive=0.008 drowsy=0.977 fidgeting=0.016 -> drowsy | attention_score=1
2026-06-25T15:00:47,165.648,0.008,0.984,0.008,drowsy,1,attentive=0.008 drowsy=0.984 fidgeting=0.008 -> drowsy | attention_score=1
2026-06-25T15:00:47,166.291,0.008,0.984,0.008,drowsy,1,attentive=0.008 drowsy=0.984 fidgeting=0.008 -> drowsy | attention_score=1
2026-06-25T15:00:48,166.925,0.008,0.98,0.012,drowsy,1,attentive=0.008 drowsy=0.980 fidgeting=0.012 -> drowsy | attention_score=1
2026-06-25T15:00:49,167.569,0.008,0.984,0.008,drowsy,1,attentive=0.008 drowsy=0.984 fidgeting=0.008 -> drowsy | attention_score=1
2026-06-25T15:00:49,168.213,0.004,0.988,0.008,drowsy,0,attentive=0.004 drowsy=0.988 fidgeting=0.008 -> drowsy | attention_score=0
2026-06-25T15:00:50,168.847,0.008,0.984,0.008,drowsy,1,attentive=0.008 drowsy=0.984 fidgeting=0.008 -> drowsy | attention_score=1
2026-06-25T15:00:51,169.493,0.008,0.984,0.008,drowsy,1,attentive=0.008 drowsy=0.984 fidgeting=0.008 -> drowsy | attention_score=1
2026-06-25T15:00:51,170.126,0.004,0.984,0.008,drowsy,0,attentive=0.004 drowsy=0.984 fidgeting=0.008 -> drowsy | attention_score=0
2026-06-25T15:00:52,170.761,0.012,0.977,0.016,drowsy,1,attentive=0.012 drowsy=0.977 fidgeting=0.016 -> drowsy | attention_score=1
2026-06-25T15:00:52,171.399,0.039,0.898,0.062,drowsy,4,attentive=0.039 drowsy=0.898 fidgeting=0.062 -> drowsy | attention_score=4
2026-06-25T15:00:53,172.038,0.187,0.227,0.586,fidgeting,19,attentive=0.187 drowsy=0.227 fidgeting=0.586 -> fidgeting | attention_score=19
2026-06-25T15:00:54,172.687,0.145,0.074,0.781,fidgeting,14,attentive=0.145 drowsy=0.074 fidgeting=0.781 -> fidgeting | attention_score=14
2026-06-25T15:00:54,173.309,0.187,0.168,0.645,fidgeting,19,attentive=0.187 drowsy=0.168 fidgeting=0.645 -> fidgeting | attention_score=19
2026-06-25T15:00:55,173.92,0.211,0.07,0.723,fidgeting,21,attentive=0.211 drowsy=0.070 fidgeting=0.723 -> fidgeting | attention_score=21
2026-06-25T15:00:56,174.509,0.203,0.125,0.672,fidgeting,20,attentive=0.203 drowsy=0.125 fidgeting=0.672 -> fidgeting | attention_score=20
2026-06-25T15:00:56,175.104,0.098,0.215,0.687,fidgeting,10,attentive=0.098 drowsy=0.215 fidgeting=0.687 -> fidgeting | attention_score=10
2026-06-25T15:00:57,175.738,0.047,0.137,0.816,fidgeting,5,attentive=0.047 drowsy=0.137 fidgeting=0.816 -> fidgeting | attention_score=5
2026-06-25T15:00:57,176.402,0.062,0.047,0.887,fidgeting,6,attentive=0.062 drowsy=0.047 fidgeting=0.887 -> fidgeting | attention_score=6
2026-06-25T15:00:58,177.095,0.129,0.293,0.578,fidgeting,13,attentive=0.129 drowsy=0.293 fidgeting=0.578 -> fidgeting | attention_score=13
2026-06-25T15:00:59,177.773,0.078,0.445,0.477,fidgeting,8,attentive=0.078 drowsy=0.445 fidgeting=0.477 -> fidgeting | attention_score=8
2026-06-25T15:00:59,178.403,0.102,0.098,0.801,fidgeting,10,attentive=0.102 drowsy=0.098 fidgeting=0.801 -> fidgeting | attention_score=10
2026-06-25T15:01:00,179.057,0.184,0.113,0.703,fidgeting,18,attentive=0.184 drowsy=0.113 fidgeting=0.703 -> fidgeting | attention_score=18
2026-06-25T15:01:01,179.712,0.262,0.156,0.586,fidgeting,26,attentive=0.262 drowsy=0.156 fidgeting=0.586 -> fidgeting | attention_score=26
2026-06-25T15:01:01,180.357,0.281,0.301,0.418,fidgeting,28,attentive=0.281 drowsy=0.301 fidgeting=0.418 -> fidgeting | attention_score=28
2026-06-25T15:01:02,181.013,0.25,0.234,0.512,fidgeting,25,attentive=0.250 drowsy=0.234 fidgeting=0.512 -> fidgeting | attention_score=25
2026-06-25T15:01:03,181.644,0.258,0.121,0.621,fidgeting,26,attentive=0.258 drowsy=0.121 fidgeting=0.621 -> fidgeting | attention_score=26
2026-06-25T15:01:03,182.279,0.277,0.094,0.625,fidgeting,28,attentive=0.277 drowsy=0.094 fidgeting=0.625 -> fidgeting | attention_score=28
2026-06-25T15:01:04,182.923,0.254,0.336,0.41,fidgeting,25,attentive=0.254 drowsy=0.336 fidgeting=0.410 -> fidgeting | attention_score=25
2026-06-25T15:01:05,183.566,0.223,0.297,0.484,fidgeting,22,attentive=0.223 drowsy=0.297 fidgeting=0.484 -> fidgeting | attention_score=22
2026-06-25T15:01:05,184.205,0.23,0.328,0.441,fidgeting,23,attentive=0.230 drowsy=0.328 fidgeting=0.441 -> fidgeting | attention_score=23
2026-06-25T15:01:06,184.851,0.23,0.309,0.457,fidgeting,23,attentive=0.230 drowsy=0.309 fidgeting=0.457 -> fidgeting | attention_score=23
2026-06-25T15:01:07,185.484,0.199,0.359,0.437,fidgeting,20,attentive=0.199 drowsy=0.359 fidgeting=0.437 -> fidgeting | attention_score=20
2026-06-25T15:01:07,186.127,0.125,0.652,0.223,drowsy,13,attentive=0.125 drowsy=0.652 fidgeting=0.223 -> drowsy | attention_score=13
2026-06-25T15:01:08,186.77,0.238,0.309,0.453,fidgeting,24,attentive=0.238 drowsy=0.309 fidgeting=0.453 -> fidgeting | attention_score=24
2026-06-25T15:01:08,187.401,0.25,0.187,0.562,fidgeting,25,attentive=0.250 drowsy=0.187 fidgeting=0.562 -> fidgeting | attention_score=25
2026-06-25T15:01:09,188.046,0.141,0.441,0.414,drowsy,14,attentive=0.141 drowsy=0.441 fidgeting=0.414 -> drowsy | attention_score=14
2026-06-25T15:01:10,188.681,0.113,0.582,0.305,drowsy,11,attentive=0.113 drowsy=0.582 fidgeting=0.305 -> drowsy | attention_score=11
2026-06-25T15:01:10,189.324,0.113,0.387,0.5,fidgeting,11,attentive=0.113 drowsy=0.387 fidgeting=0.500 -> fidgeting | attention_score=11
2026-06-25T15:01:11,189.963,0.141,0.402,0.457,fidgeting,14,attentive=0.141 drowsy=0.402 fidgeting=0.457 -> fidgeting | attention_score=14
2026-06-25T15:01:12,190.598,0.258,0.102,0.641,fidgeting,26,attentive=0.258 drowsy=0.102 fidgeting=0.641 -> fidgeting | attention_score=26
2026-06-25T15:01:12,191.245,0.262,0.109,0.629,fidgeting,26,attentive=0.262 drowsy=0.109 fidgeting=0.629 -> fidgeting | attention_score=26
2026-06-25T15:01:13,191.891,0.273,0.168,0.559,fidgeting,27,attentive=0.273 drowsy=0.168 fidgeting=0.559 -> fidgeting | attention_score=27
2026-06-25T15:01:14,192.53,0.305,0.129,0.566,fidgeting,30,attentive=0.305 drowsy=0.129 fidgeting=0.566 -> fidgeting | attention_score=30
2026-06-25T15:01:14,193.165,0.266,0.066,0.664,fidgeting,27,attentive=0.266 drowsy=0.066 fidgeting=0.664 -> fidgeting | attention_score=27
2026-06-25T15:01:15,193.795,0.27,0.059,0.672,fidgeting,27,attentive=0.270 drowsy=0.059 fidgeting=0.672 -> fidgeting | attention_score=27
2026-06-25T15:01:15,194.453,0.273,0.062,0.66,fidgeting,27,attentive=0.273 drowsy=0.062 fidgeting=0.660 -> fidgeting | attention_score=27
2026-06-25T15:01:16,195.086,0.309,0.098,0.594,fidgeting,31,attentive=0.309 drowsy=0.098 fidgeting=0.594 -> fidgeting | attention_score=31
2026-06-25T15:01:17,195.721,0.324,0.133,0.543,fidgeting,32,attentive=0.324 drowsy=0.133 fidgeting=0.543 -> fidgeting | attention_score=32
2026-06-25T15:01:17,196.356,0.305,0.109,0.586,fidgeting,30,attentive=0.305 drowsy=0.109 fidgeting=0.586 -> fidgeting | attention_score=30
2026-06-25T15:01:18,197.011,0.297,0.082,0.625,fidgeting,30,attentive=0.297 drowsy=0.082 fidgeting=0.625 -> fidgeting | attention_score=30
2026-06-25T15:01:19,197.635,0.316,0.152,0.531,fidgeting,32,attentive=0.316 drowsy=0.152 fidgeting=0.531 -> fidgeting | attention_score=32
2026-06-25T15:01:19,198.282,0.297,0.148,0.551,fidgeting,30,attentive=0.297 drowsy=0.148 fidgeting=0.551 -> fidgeting | attention_score=30
2026-06-25T15:01:20,198.922,0.293,0.082,0.621,fidgeting,29,attentive=0.293 drowsy=0.082 fidgeting=0.621 -> fidgeting | attention_score=29
2026-06-25T15:01:21,199.56,0.312,0.113,0.574,fidgeting,31,attentive=0.312 drowsy=0.113 fidgeting=0.574 -> fidgeting | attention_score=31
2026-06-25T15:01:21,200.205,0.316,0.117,0.566,fidgeting,32,attentive=0.316 drowsy=0.117 fidgeting=0.566 -> fidgeting | attention_score=32
2026-06-25T15:01:22,200.857,0.289,0.082,0.629,fidgeting,29,attentive=0.289 drowsy=0.082 fidgeting=0.629 -> fidgeting | attention_score=29
2026-06-25T15:01:23,201.483,0.273,0.066,0.66,fidgeting,27,attentive=0.273 drowsy=0.066 fidgeting=0.660 -> fidgeting | attention_score=27
2026-06-25T15:01:23,202.12,0.285,0.078,0.641,fidgeting,28,attentive=0.285 drowsy=0.078 fidgeting=0.641 -> fidgeting | attention_score=28
2026-06-25T15:01:24,202.743,0.301,0.09,0.609,fidgeting,30,attentive=0.301 drowsy=0.090 fidgeting=0.609 -> fidgeting | attention_score=30
2026-06-25T15:01:24,203.38,0.309,0.086,0.605,fidgeting,31,attentive=0.309 drowsy=0.086 fidgeting=0.605 -> fidgeting | attention_score=31
2026-06-25T15:01:25,204.032,0.273,0.086,0.641,fidgeting,27,attentive=0.273 drowsy=0.086 fidgeting=0.641 -> fidgeting | attention_score=27
2026-06-25T15:01:26,204.675,0.289,0.082,0.629,fidgeting,29,attentive=0.289 drowsy=0.082 fidgeting=0.629 -> fidgeting | attention_score=29
2026-06-25T15:01:26,205.315,0.305,0.109,0.586,fidgeting,30,attentive=0.305 drowsy=0.109 fidgeting=0.586 -> fidgeting | attention_score=30
2026-06-25T15:01:27,205.954,0.324,0.145,0.531,fidgeting,32,attentive=0.324 drowsy=0.145 fidgeting=0.531 -> fidgeting | attention_score=32
2026-06-25T15:01:28,206.596,0.324,0.113,0.562,fidgeting,32,attentive=0.324 drowsy=0.113 fidgeting=0.562 -> fidgeting | attention_score=32
2026-06-25T15:01:28,207.237,0.293,0.082,0.621,fidgeting,29,attentive=0.293 drowsy=0.082 fidgeting=0.621 -> fidgeting | attention_score=29
2026-06-25T15:01:29,207.874,0.285,0.078,0.641,fidgeting,28,attentive=0.285 drowsy=0.078 fidgeting=0.641 -> fidgeting | attention_score=28
2026-06-25T15:01:30,208.518,0.262,0.062,0.676,fidgeting,26,attentive=0.262 drowsy=0.062 fidgeting=0.676 -> fidgeting | attention_score=26
2026-06-25T15:01:30,209.162,0.234,0.055,0.711,fidgeting,23,attentive=0.234 drowsy=0.055 fidgeting=0.711 -> fidgeting | attention_score=23
2026-06-25T15:01:31,209.797,0.273,0.074,0.652,fidgeting,27,attentive=0.273 drowsy=0.074 fidgeting=0.652 -> fidgeting | attention_score=27
2026-06-25T15:01:31,210.45,0.336,0.121,0.543,fidgeting,34,attentive=0.336 drowsy=0.121 fidgeting=0.543 -> fidgeting | attention_score=34
2026-06-25T15:01:32,211.093,0.332,0.125,0.543,fidgeting,33,attentive=0.332 drowsy=0.125 fidgeting=0.543 -> fidgeting | attention_score=33
2026-06-25T15:01:33,211.733,0.246,0.082,0.672,fidgeting,25,attentive=0.246 drowsy=0.082 fidgeting=0.672 -> fidgeting | attention_score=25
2026-06-25T15:01:33,212.363,0.105,0.613,0.281,drowsy,11,attentive=0.105 drowsy=0.613 fidgeting=0.281 -> drowsy | attention_score=11
2026-06-25T15:01:34,213.003,0.031,0.937,0.031,drowsy,3,attentive=0.031 drowsy=0.937 fidgeting=0.031 -> drowsy | attention_score=3
2026-06-25T15:01:35,213.647,0.109,0.637,0.254,drowsy,11,attentive=0.109 drowsy=0.637 fidgeting=0.254 -> drowsy | attention_score=11
2026-06-25T15:01:35,214.291,0.082,0.461,0.461,drowsy,8,attentive=0.082 drowsy=0.461 fidgeting=0.461 -> drowsy | attention_score=8
2026-06-25T15:01:36,214.926,0.055,0.258,0.687,fidgeting,5,attentive=0.055 drowsy=0.258 fidgeting=0.687 -> fidgeting | attention_score=5
2026-06-25T15:01:37,215.578,0.055,0.277,0.668,fidgeting,5,attentive=0.055 drowsy=0.277 fidgeting=0.668 -> fidgeting | attention_score=5
2026-06-25T15:01:37,216.197,0.102,0.391,0.508,fidgeting,10,attentive=0.102 drowsy=0.391 fidgeting=0.508 -> fidgeting | attention_score=10
2026-06-25T15:01:38,216.839,0.098,0.289,0.613,fidgeting,10,attentive=0.098 drowsy=0.289 fidgeting=0.613 -> fidgeting | attention_score=10
2026-06-25T15:01:39,217.471,0.105,0.328,0.566,fidgeting,11,attentive=0.105 drowsy=0.328 fidgeting=0.566 -> fidgeting | attention_score=11
2026-06-25T15:01:39,218.119,0.066,0.578,0.355,drowsy,7,attentive=0.066 drowsy=0.578 fidgeting=0.355 -> drowsy | attention_score=7
2026-06-25T15:01:40,218.768,0.105,0.602,0.293,drowsy,11,attentive=0.105 drowsy=0.602 fidgeting=0.293 -> drowsy | attention_score=11
2026-06-25T15:01:40,219.406,0.23,0.047,0.723,fidgeting,23,attentive=0.230 drowsy=0.047 fidgeting=0.723 -> fidgeting | attention_score=23
2026-06-25T15:01:41,220.052,0.141,0.758,0.102,drowsy,14,attentive=0.141 drowsy=0.758 fidgeting=0.102 -> drowsy | attention_score=14
2026-06-25T15:01:42,220.685,0.035,0.941,0.023,drowsy,4,attentive=0.035 drowsy=0.941 fidgeting=0.023 -> drowsy | attention_score=4
2026-06-25T15:01:42,221.321,0.27,0.297,0.437,fidgeting,27,attentive=0.270 drowsy=0.297 fidgeting=0.437 -> fidgeting | attention_score=27
2026-06-25T15:01:43,221.964,0.219,0.121,0.66,fidgeting,22,attentive=0.219 drowsy=0.121 fidgeting=0.660 -> fidgeting | attention_score=22
2026-06-25T15:01:44,222.606,0.172,0.156,0.672,fidgeting,17,attentive=0.172 drowsy=0.156 fidgeting=0.672 -> fidgeting | attention_score=17
2026-06-25T15:01:44,223.236,0.086,0.211,0.703,fidgeting,9,attentive=0.086 drowsy=0.211 fidgeting=0.703 -> fidgeting | attention_score=9
2026-06-25T15:01:45,223.889,0.117,0.246,0.637,fidgeting,12,attentive=0.117 drowsy=0.246 fidgeting=0.637 -> fidgeting | attention_score=12
2026-06-25T15:01:46,224.528,0.246,0.062,0.695,fidgeting,25,attentive=0.246 drowsy=0.062 fidgeting=0.695 -> fidgeting | attention_score=25
2026-06-25T15:01:46,225.146,0.23,0.059,0.715,fidgeting,23,attentive=0.230 drowsy=0.059 fidgeting=0.715 -> fidgeting | attention_score=23
2026-06-25T15:01:47,225.779,0.129,0.039,0.828,fidgeting,13,attentive=0.129 drowsy=0.039 fidgeting=0.828 -> fidgeting | attention_score=13
2026-06-25T15:01:47,226.376,0.137,0.121,0.742,fidgeting,14,attentive=0.137 drowsy=0.121 fidgeting=0.742 -> fidgeting | attention_score=14
2026-06-25T15:01:48,226.98,0.215,0.195,0.59,fidgeting,21,attentive=0.215 drowsy=0.195 fidgeting=0.590 -> fidgeting | attention_score=21
2026-06-25T15:01:49,227.582,0.133,0.523,0.344,drowsy,13,attentive=0.133 drowsy=0.523 fidgeting=0.344 -> drowsy | attention_score=13
2026-06-25T15:01:49,228.22,0.129,0.465,0.406,drowsy,13,attentive=0.129 drowsy=0.465 fidgeting=0.406 -> drowsy | attention_score=13
2026-06-25T15:01:50,228.888,0.195,0.363,0.441,fidgeting,20,attentive=0.195 drowsy=0.363 fidgeting=0.441 -> fidgeting | attention_score=20
2026-06-25T15:01:51,229.591,0.176,0.297,0.531,fidgeting,18,attentive=0.176 drowsy=0.297 fidgeting=0.531 -> fidgeting | attention_score=18
2026-06-25T15:01:51,230.249,0.187,0.359,0.453,fidgeting,19,attentive=0.187 drowsy=0.359 fidgeting=0.453 -> fidgeting | attention_score=19
2026-06-25T15:01:52,230.892,0.195,0.375,0.43,fidgeting,20,attentive=0.195 drowsy=0.375 fidgeting=0.430 -> fidgeting | attention_score=20
2026-06-25T15:01:53,231.546,0.254,0.156,0.59,fidgeting,25,attentive=0.254 drowsy=0.156 fidgeting=0.590 -> fidgeting | attention_score=25
2026-06-25T15:01:53,232.188,0.277,0.082,0.645,fidgeting,28,attentive=0.277 drowsy=0.082 fidgeting=0.645 -> fidgeting | attention_score=28
2026-06-25T15:01:54,232.835,0.262,0.086,0.652,fidgeting,26,attentive=0.262 drowsy=0.086 fidgeting=0.652 -> fidgeting | attention_score=26
2026-06-25T15:01:55,233.476,0.309,0.121,0.57,fidgeting,31,attentive=0.309 drowsy=0.121 fidgeting=0.570 -> fidgeting | attention_score=31
2026-06-25T15:01:55,234.117,0.117,0.426,0.457,fidgeting,12,attentive=0.117 drowsy=0.426 fidgeting=0.457 -> fidgeting | attention_score=12
2026-06-25T15:01:56,234.762,0.133,0.426,0.441,fidgeting,13,attentive=0.133 drowsy=0.426 fidgeting=0.441 -> fidgeting | attention_score=13
2026-06-25T15:01:56,235.4,0.301,0.07,0.633,fidgeting,30,attentive=0.301 drowsy=0.070 fidgeting=0.633 -> fidgeting | attention_score=30
2026-06-25T15:01:57,236.045,0.309,0.082,0.609,fidgeting,31,attentive=0.309 drowsy=0.082 fidgeting=0.609 -> fidgeting | attention_score=31
2026-06-25T15:01:58,236.678,0.301,0.121,0.578,fidgeting,30,attentive=0.301 drowsy=0.121 fidgeting=0.578 -> fidgeting | attention_score=30
2026-06-25T15:01:58,237.322,0.195,0.437,0.371,drowsy,19,attentive=0.195 drowsy=0.437 fidgeting=0.371 -> drowsy | attention_score=19
2026-06-25T15:01:59,237.966,0.195,0.422,0.383,drowsy,20,attentive=0.195 drowsy=0.422 fidgeting=0.383 -> drowsy | attention_score=20
2026-06-25T15:02:00,238.6,0.238,0.082,0.68,fidgeting,24,attentive=0.238 drowsy=0.082 fidgeting=0.680 -> fidgeting | attention_score=24
2026-06-25T15:02:00,239.246,0.312,0.145,0.543,fidgeting,31,attentive=0.312 drowsy=0.145 fidgeting=0.543 -> fidgeting | attention_score=31
2026-06-25T15:02:01,239.878,0.164,0.129,0.707,fidgeting,16,attentive=0.164 drowsy=0.129 fidgeting=0.707 -> fidgeting | attention_score=16
2026-06-25T15:02:02,240.52,0.113,0.105,0.785,fidgeting,11,attentive=0.113 drowsy=0.105 fidgeting=0.785 -> fidgeting | attention_score=11
2026-06-25T15:02:02,241.167,0.164,0.484,0.352,drowsy,16,attentive=0.164 drowsy=0.484 fidgeting=0.352 -> drowsy | attention_score=16
2026-06-25T15:02:03,241.8,0.102,0.68,0.219,drowsy,10,attentive=0.102 drowsy=0.680 fidgeting=0.219 -> drowsy | attention_score=10
2026-06-25T15:02:03,242.455,0.156,0.387,0.457,fidgeting,16,attentive=0.156 drowsy=0.387 fidgeting=0.457 -> fidgeting | attention_score=16
2026-06-25T15:02:04,243.087,0.098,0.734,0.168,drowsy,10,attentive=0.098 drowsy=0.734 fidgeting=0.168 -> drowsy | attention_score=10
2026-06-25T15:02:05,243.728,0.027,0.945,0.031,drowsy,3,attentive=0.027 drowsy=0.945 fidgeting=0.031 -> drowsy | attention_score=3
2026-06-25T15:02:05,244.367,0.113,0.742,0.145,drowsy,11,attentive=0.113 drowsy=0.742 fidgeting=0.145 -> drowsy | attention_score=11
2026-06-25T15:02:06,245.012,0.031,0.937,0.031,drowsy,3,attentive=0.031 drowsy=0.937 fidgeting=0.031 -> drowsy | attention_score=3
2026-06-25T15:02:07,245.652,0.004,0.988,0.008,drowsy,0,attentive=0.004 drowsy=0.988 fidgeting=0.008 -> drowsy | attention_score=0
2026-06-25T15:02:07,246.281,0.016,0.965,0.02,drowsy,2,attentive=0.016 drowsy=0.965 fidgeting=0.020 -> drowsy | attention_score=2
2026-06-25T15:02:08,246.934,0.121,0.664,0.215,drowsy,12,attentive=0.121 drowsy=0.664 fidgeting=0.215 -> drowsy | attention_score=12
2026-06-25T15:02:09,247.556,0.227,0.129,0.641,fidgeting,23,attentive=0.227 drowsy=0.129 fidgeting=0.641 -> fidgeting | attention_score=23
2026-06-25T15:02:09,248.214,0.121,0.426,0.453,fidgeting,12,attentive=0.121 drowsy=0.426 fidgeting=0.453 -> fidgeting | attention_score=12
2026-06-25T15:02:10,248.847,0.023,0.926,0.051,drowsy,2,attentive=0.023 drowsy=0.926 fidgeting=0.051 -> drowsy | attention_score=2
2026-06-25T15:02:11,249.478,0.117,0.586,0.297,drowsy,12,attentive=0.117 drowsy=0.586 fidgeting=0.297 -> drowsy | attention_score=12
2026-06-25T15:02:11,250.127,0.191,0.211,0.598,fidgeting,19,attentive=0.191 drowsy=0.211 fidgeting=0.598 -> fidgeting | attention_score=19
2026-06-25T15:02:12,250.772,0.141,0.312,0.547,fidgeting,14,attentive=0.141 drowsy=0.312 fidgeting=0.547 -> fidgeting | attention_score=14
2026-06-25T15:02:12,251.402,0.066,0.105,0.832,fidgeting,7,attentive=0.066 drowsy=0.105 fidgeting=0.832 -> fidgeting | attention_score=7
2026-06-25T15:02:13,252.046,0.082,0.277,0.645,fidgeting,8,attentive=0.082 drowsy=0.277 fidgeting=0.645 -> fidgeting | attention_score=8
2026-06-25T15:02:14,252.68,0.184,0.414,0.402,drowsy,18,attentive=0.184 drowsy=0.414 fidgeting=0.402 -> drowsy | attention_score=18
2026-06-25T15:02:14,253.319,0.254,0.094,0.652,fidgeting,25,attentive=0.254 drowsy=0.094 fidgeting=0.652 -> fidgeting | attention_score=25
2026-06-25T15:02:15,253.965,0.277,0.117,0.605,fidgeting,28,attentive=0.277 drowsy=0.117 fidgeting=0.605 -> fidgeting | attention_score=28
2026-06-25T15:02:16,254.599,0.316,0.137,0.547,fidgeting,32,attentive=0.316 drowsy=0.137 fidgeting=0.547 -> fidgeting | attention_score=32
2026-06-25T15:02:16,255.242,0.309,0.098,0.594,fidgeting,31,attentive=0.309 drowsy=0.098 fidgeting=0.594 -> fidgeting | attention_score=31
2026-06-25T15:02:17,255.874,0.27,0.062,0.668,fidgeting,27,attentive=0.270 drowsy=0.062 fidgeting=0.668 -> fidgeting | attention_score=27
2026-06-25T15:02:18,256.528,0.266,0.168,0.562,fidgeting,27,attentive=0.266 drowsy=0.168 fidgeting=0.562 -> fidgeting | attention_score=27
2026-06-25T15:02:18,257.158,0.168,0.223,0.609,fidgeting,17,attentive=0.168 drowsy=0.223 fidgeting=0.609 -> fidgeting | attention_score=17
2026-06-25T15:02:19,257.802,0.164,0.133,0.703,fidgeting,16,attentive=0.164 drowsy=0.133 fidgeting=0.703 -> fidgeting | attention_score=16
2026-06-25T15:02:19,258.438,0.27,0.316,0.414,fidgeting,27,attentive=0.270 drowsy=0.316 fidgeting=0.414 -> fidgeting | attention_score=27
2026-06-25T15:02:20,259.078,0.262,0.27,0.469,fidgeting,26,attentive=0.262 drowsy=0.270 fidgeting=0.469 -> fidgeting | attention_score=26
2026-06-25T15:02:21,259.719,0.199,0.039,0.762,fidgeting,20,attentive=0.199 drowsy=0.039 fidgeting=0.762 -> fidgeting | attention_score=20
2026-06-25T15:02:21,260.361,0.18,0.078,0.746,fidgeting,18,attentive=0.180 drowsy=0.078 fidgeting=0.746 -> fidgeting | attention_score=18
2026-06-25T15:02:22,261.003,0.141,0.051,0.809,fidgeting,14,attentive=0.141 drowsy=0.051 fidgeting=0.809 -> fidgeting | attention_score=14
2026-06-25T15:02:23,261.643,0.262,0.07,0.672,fidgeting,26,attentive=0.262 drowsy=0.070 fidgeting=0.672 -> fidgeting | attention_score=26
2026-06-25T15:02:23,262.29,0.316,0.113,0.57,fidgeting,32,attentive=0.316 drowsy=0.113 fidgeting=0.570 -> fidgeting | attention_score=32
2026-06-25T15:02:24,262.92,0.277,0.074,0.648,fidgeting,28,attentive=0.277 drowsy=0.074 fidgeting=0.648 -> fidgeting | attention_score=28
2026-06-25T15:02:25,263.565,0.277,0.074,0.648,fidgeting,28,attentive=0.277 drowsy=0.074 fidgeting=0.648 -> fidgeting | attention_score=28
2026-06-25T15:02:25,264.189,0.207,0.105,0.687,fidgeting,21,attentive=0.207 drowsy=0.105 fidgeting=0.687 -> fidgeting | attention_score=21
2026-06-25T15:02:26,264.825,0.203,0.082,0.715,fidgeting,20,attentive=0.203 drowsy=0.082 fidgeting=0.715 -> fidgeting | attention_score=20
2026-06-25T15:02:27,265.469,0.273,0.09,0.637,fidgeting,27,attentive=0.273 drowsy=0.090 fidgeting=0.637 -> fidgeting | attention_score=27
2026-06-25T15:02:27,266.129,0.25,0.082,0.664,fidgeting,25,attentive=0.250 drowsy=0.082 fidgeting=0.664 -> fidgeting | attention_score=25
2026-06-25T15:02:28,266.754,0.266,0.078,0.656,fidgeting,27,attentive=0.266 drowsy=0.078 fidgeting=0.656 -> fidgeting | attention_score=27
2026-06-25T15:02:28,267.4,0.305,0.098,0.602,fidgeting,30,attentive=0.305 drowsy=0.098 fidgeting=0.602 -> fidgeting | attention_score=30
2026-06-25T15:02:29,268.043,0.266,0.074,0.66,fidgeting,27,attentive=0.266 drowsy=0.074 fidgeting=0.660 -> fidgeting | attention_score=27
2026-06-25T15:02:30,268.682,0.234,0.055,0.711,fidgeting,23,attentive=0.234 drowsy=0.055 fidgeting=0.711 -> fidgeting | attention_score=23
2026-06-25T15:02:30,269.319,0.27,0.066,0.664,fidgeting,27,attentive=0.270 drowsy=0.066 fidgeting=0.664 -> fidgeting | attention_score=27
2026-06-25T15:02:31,269.963,0.297,0.078,0.625,fidgeting,30,attentive=0.297 drowsy=0.078 fidgeting=0.625 -> fidgeting | attention_score=30
2026-06-25T15:02:32,270.612,0.238,0.066,0.695,fidgeting,24,attentive=0.238 drowsy=0.066 fidgeting=0.695 -> fidgeting | attention_score=24
2026-06-25T15:02:32,271.243,0.211,0.062,0.727,fidgeting,21,attentive=0.211 drowsy=0.062 fidgeting=0.727 -> fidgeting | attention_score=21
2026-06-25T15:02:33,271.885,0.27,0.082,0.648,fidgeting,27,attentive=0.270 drowsy=0.082 fidgeting=0.648 -> fidgeting | attention_score=27
2026-06-25T15:02:34,272.521,0.305,0.098,0.602,fidgeting,30,attentive=0.305 drowsy=0.098 fidgeting=0.602 -> fidgeting | attention_score=30
2026-06-25T15:02:34,273.158,0.281,0.086,0.633,fidgeting,28,attentive=0.281 drowsy=0.086 fidgeting=0.633 -> fidgeting | attention_score=28
2026-06-25T15:02:35,273.8,0.266,0.078,0.656,fidgeting,27,attentive=0.266 drowsy=0.078 fidgeting=0.656 -> fidgeting | attention_score=27
2026-06-25T15:02:35,274.437,0.242,0.07,0.687,fidgeting,24,attentive=0.242 drowsy=0.070 fidgeting=0.687 -> fidgeting | attention_score=24
2026-06-25T15:02:36,275.08,0.246,0.082,0.672,fidgeting,25,attentive=0.246 drowsy=0.082 fidgeting=0.672 -> fidgeting | attention_score=25
2026-06-25T15:02:37,275.719,0.266,0.102,0.637,fidgeting,26,attentive=0.266 drowsy=0.102 fidgeting=0.637 -> fidgeting | attention_score=26
2026-06-25T15:02:37,276.364,0.27,0.078,0.652,fidgeting,27,attentive=0.270 drowsy=0.078 fidgeting=0.652 -> fidgeting | attention_score=27
2026-06-25T15:02:38,276.998,0.254,0.074,0.672,fidgeting,25,attentive=0.254 drowsy=0.074 fidgeting=0.672 -> fidgeting | attention_score=25
2026-06-25T15:02:39,277.648,0.27,0.078,0.652,fidgeting,27,attentive=0.270 drowsy=0.078 fidgeting=0.652 -> fidgeting | attention_score=27
2026-06-25T15:02:39,278.248,0.281,0.086,0.633,fidgeting,28,attentive=0.281 drowsy=0.086 fidgeting=0.633 -> fidgeting | attention_score=28
2026-06-25T15:02:40,278.84,0.238,0.129,0.633,fidgeting,24,attentive=0.238 drowsy=0.129 fidgeting=0.633 -> fidgeting | attention_score=24
2026-06-25T15:02:40,279.442,0.184,0.148,0.668,fidgeting,18,attentive=0.184 drowsy=0.148 fidgeting=0.668 -> fidgeting | attention_score=18
2026-06-25T15:02:41,280.064,0.195,0.223,0.586,fidgeting,19,attentive=0.195 drowsy=0.223 fidgeting=0.586 -> fidgeting | attention_score=19
2026-06-25T15:02:42,280.704,0.148,0.133,0.719,fidgeting,15,attentive=0.148 drowsy=0.133 fidgeting=0.719 -> fidgeting | attention_score=15
2026-06-25T15:02:42,281.415,0.137,0.145,0.719,fidgeting,14,attentive=0.137 drowsy=0.145 fidgeting=0.719 -> fidgeting | attention_score=14
2026-06-25T15:02:43,282.089,0.238,0.148,0.613,fidgeting,24,attentive=0.238 drowsy=0.148 fidgeting=0.613 -> fidgeting | attention_score=24
2026-06-25T15:02:44,282.739,0.172,0.102,0.727,fidgeting,17,attentive=0.172 drowsy=0.102 fidgeting=0.727 -> fidgeting | attention_score=17
2026-06-25T15:02:44,283.376,0.141,0.062,0.797,fidgeting,14,attentive=0.141 drowsy=0.062 fidgeting=0.797 -> fidgeting | attention_score=14
2026-06-25T15:02:45,284.033,0.082,0.051,0.867,fidgeting,8,attentive=0.082 drowsy=0.051 fidgeting=0.867 -> fidgeting | attention_score=8
2026-06-25T15:02:46,284.67,0.117,0.145,0.738,fidgeting,12,attentive=0.117 drowsy=0.145 fidgeting=0.738 -> fidgeting | attention_score=12
2026-06-25T15:02:46,285.324,0.133,0.703,0.164,drowsy,13,attentive=0.133 drowsy=0.703 fidgeting=0.164 -> drowsy | attention_score=13
2026-06-25T15:02:47,285.96,0.113,0.574,0.312,drowsy,11,attentive=0.113 drowsy=0.574 fidgeting=0.312 -> drowsy | attention_score=11
2026-06-25T15:02:48,286.587,0.109,0.25,0.641,fidgeting,11,attentive=0.109 drowsy=0.250 fidgeting=0.641 -> fidgeting | attention_score=11
2026-06-25T15:02:48,287.247,0.148,0.258,0.598,fidgeting,15,attentive=0.148 drowsy=0.258 fidgeting=0.598 -> fidgeting | attention_score=15
2026-06-25T15:02:49,287.886,0.234,0.066,0.703,fidgeting,23,attentive=0.234 drowsy=0.066 fidgeting=0.703 -> fidgeting | attention_score=23
2026-06-25T15:02:50,288.507,0.285,0.066,0.648,fidgeting,29,attentive=0.285 drowsy=0.066 fidgeting=0.648 -> fidgeting | attention_score=29
2026-06-25T15:02:50,289.158,0.141,0.348,0.512,fidgeting,14,attentive=0.141 drowsy=0.348 fidgeting=0.512 -> fidgeting | attention_score=14
2026-06-25T15:02:51,289.807,0.141,0.34,0.52,fidgeting,14,attentive=0.141 drowsy=0.340 fidgeting=0.520 -> fidgeting | attention_score=14
2026-06-25T15:02:51,290.457,0.27,0.121,0.609,fidgeting,27,attentive=0.270 drowsy=0.121 fidgeting=0.609 -> fidgeting | attention_score=27
2026-06-25T15:02:52,291.079,0.273,0.109,0.617,fidgeting,27,attentive=0.273 drowsy=0.109 fidgeting=0.617 -> fidgeting | attention_score=27
2026-06-25T15:02:53,291.728,0.266,0.066,0.664,fidgeting,27,attentive=0.266 drowsy=0.066 fidgeting=0.664 -> fidgeting | attention_score=27
2026-06-25T15:02:53,292.359,0.094,0.113,0.793,fidgeting,9,attentive=0.094 drowsy=0.113 fidgeting=0.793 -> fidgeting | attention_score=9
2026-06-25T15:02:54,293.001,0.109,0.285,0.602,fidgeting,11,attentive=0.109 drowsy=0.285 fidgeting=0.602 -> fidgeting | attention_score=11
2026-06-25T15:02:55,293.643,0.273,0.223,0.504,fidgeting,27,attentive=0.273 drowsy=0.223 fidgeting=0.504 -> fidgeting | attention_score=27
2026-06-25T15:02:55,294.285,0.219,0.047,0.73,fidgeting,22,attentive=0.219 drowsy=0.047 fidgeting=0.730 -> fidgeting | attention_score=22
2026-06-25T15:02:56,294.928,0.141,0.066,0.793,fidgeting,14,attentive=0.141 drowsy=0.066 fidgeting=0.793 -> fidgeting | attention_score=14
2026-06-25T15:02:57,295.567,0.113,0.098,0.789,fidgeting,11,attentive=0.113 drowsy=0.098 fidgeting=0.789 -> fidgeting | attention_score=11
2026-06-25T15:02:57,296.208,0.172,0.289,0.539,fidgeting,17,attentive=0.172 drowsy=0.289 fidgeting=0.539 -> fidgeting | attention_score=17
2026-06-25T15:02:58,296.838,0.203,0.398,0.398,drowsy,20,attentive=0.203 drowsy=0.398 fidgeting=0.398 -> drowsy | attention_score=20
2026-06-25T15:02:59,297.483,0.266,0.273,0.461,fidgeting,27,attentive=0.266 drowsy=0.273 fidgeting=0.461 -> fidgeting | attention_score=27
2026-06-25T15:02:59,298.125,0.152,0.176,0.672,fidgeting,15,attentive=0.152 drowsy=0.176 fidgeting=0.672 -> fidgeting | attention_score=15
2026-06-25T15:03:00,298.753,0.164,0.215,0.621,fidgeting,16,attentive=0.164 drowsy=0.215 fidgeting=0.621 -> fidgeting | attention_score=16
2026-06-25T15:03:00,299.406,0.293,0.199,0.508,fidgeting,29,attentive=0.293 drowsy=0.199 fidgeting=0.508 -> fidgeting | attention_score=29
2026-06-25T15:03:01,300.034,0.32,0.195,0.484,fidgeting,32,attentive=0.320 drowsy=0.195 fidgeting=0.484 -> fidgeting | attention_score=32
